{"cameraMode":{"drawMode":0,"name":"Shaded","section":"Shading Mode"},"sceneLighting":false,"audioPlay":false,"sceneViewState":{"showFog":true,"showMaterialUpdate":false,"showSkybox":false,"showFlares":true,"showImageEffects":true,"showParticleSystems":true},"in2DMode":false,"pivot":{"x":10.521056175231934,"y":13.371554374694825,"z":237.80648803710938},"rotation":{"x":-0.0010756498668342829,"y":0.9946761727333069,"z":-0.10271371901035309,"w":-0.010779284872114659},"size":2.891059160232544,"orthographic":false}