{"cameraMode":{"drawMode":0,"name":"Shaded","section":"Shading Mode"},"sceneLighting":false,"audioPlay":false,"sceneViewState":{"showFog":true,"showMaterialUpdate":false,"showSkybox":false,"showFlares":true,"showImageEffects":true,"showParticleSystems":true},"in2DMode":false,"pivot":{"x":11.404073715209961,"y":14.370316505432129,"z":266.604248046875},"rotation":{"x":-0.006830500438809395,"y":-0.9899536967277527,"z":0.05142476409673691,"w":-0.13169875741004945},"size":2.891059160232544,"orthographic":false}