{"cameraMode":{"drawMode":0,"name":"Shaded","section":"Shading Mode"},"sceneLighting":false,"audioPlay":false,"sceneViewState":{"showFog":true,"showMaterialUpdate":false,"showSkybox":false,"showFlares":true,"showImageEffects":true,"showParticleSystems":true},"in2DMode":false,"pivot":{"x":-10.482020378112793,"y":12.854000091552735,"z":296.6914367675781},"rotation":{"x":0.06238589808344841,"y":-0.8334378004074097,"z":0.09618717432022095,"w":0.5406127572059631},"size":0.4533472955226898,"orthographic":false}