{"cameraMode":{"drawMode":0,"name":"Shaded","section":"Shading Mode"},"sceneLighting":false,"audioPlay":false,"sceneViewState":{"showFog":true,"showMaterialUpdate":false,"showSkybox":false,"showFlares":true,"showImageEffects":true,"showParticleSystems":true},"in2DMode":false,"pivot":{"x":-11.757087707519532,"y":2.1870479583740236,"z":-7.44687557220459},"rotation":{"x":0.2333473116159439,"y":0.6553120613098145,"z":-0.22402358055114747,"w":0.6826087832450867},"size":3.4654831886291506,"orthographic":false}