{"cameraMode":{"drawMode":0,"name":"Shaded","section":"Shading Mode"},"sceneLighting":false,"audioPlay":false,"sceneViewState":{"showFog":true,"showMaterialUpdate":false,"showSkybox":false,"showFlares":true,"showImageEffects":true,"showParticleSystems":true},"in2DMode":false,"pivot":{"x":9.931264877319336,"y":11.735969543457032,"z":285.2788391113281},"rotation":{"x":-0.0015480061993002892,"y":0.9728844165802002,"z":-0.23128464818000794,"w":-0.006468053907155991},"size":4.128363609313965,"orthographic":false}