{"cameraMode":{"drawMode":0,"name":"Shaded","section":"Shading Mode"},"sceneLighting":true,"audioPlay":false,"sceneViewState":{"showFog":true,"showMaterialUpdate":false,"showSkybox":true,"showFlares":true,"showImageEffects":true,"showParticleSystems":true},"in2DMode":false,"pivot":{"x":-99.18101501464844,"y":34.599021911621097,"z":-109.82899475097656},"rotation":{"x":0.037418197840452197,"y":-0.7918053269386292,"z":0.04875863716006279,"w":0.6076927781105042},"size":89.64225769042969,"orthographic":false}