{"cameraMode":{"drawMode":0,"name":"Shaded","section":"Shading Mode"},"sceneLighting":false,"audioPlay":false,"sceneViewState":{"showFog":true,"showMaterialUpdate":false,"showSkybox":false,"showFlares":true,"showImageEffects":true,"showParticleSystems":true},"in2DMode":false,"pivot":{"x":9.799107551574707,"y":15.747573852539063,"z":309.4557189941406},"rotation":{"x":-0.03489815071225166,"y":-0.1056104525923729,"z":-0.003714431542903185,"w":0.9938143491744995},"size":6.8983635902404789,"orthographic":false}