{"cameraMode":{"drawMode":0,"name":"Shaded","section":"Shading Mode"},"sceneLighting":false,"audioPlay":false,"sceneViewState":{"showFog":true,"showMaterialUpdate":false,"showSkybox":false,"showFlares":true,"showImageEffects":true,"showParticleSystems":true},"in2DMode":false,"pivot":{"x":-0.0008259415626525879,"y":0.9398013353347778,"z":0.04843859374523163},"rotation":{"x":-0.0024931267835199835,"y":0.9958333969116211,"z":-0.028697451576590539,"w":-0.08655513823032379},"size":1.3764153718948365,"orthographic":false}