{"cameraMode":{"drawMode":0,"name":"Shaded","section":"Shading Mode"},"sceneLighting":false,"audioPlay":false,"sceneViewState":{"showFog":true,"showMaterialUpdate":false,"showSkybox":false,"showFlares":true,"showImageEffects":true,"showParticleSystems":true},"in2DMode":false,"pivot":{"x":-17.070959091186525,"y":13.2101411819458,"z":321.5203552246094},"rotation":{"x":0.00007186982111306861,"y":-0.9966580867767334,"z":0.0008955976227298379,"w":0.08183708041906357},"size":1.3763293027877808,"orthographic":false}