{"cameraMode":{"drawMode":0,"name":"Shaded","section":"Shading Mode"},"sceneLighting":false,"audioPlay":false,"sceneViewState":{"showFog":true,"showMaterialUpdate":false,"showSkybox":false,"showFlares":true,"showImageEffects":true,"showParticleSystems":true},"in2DMode":false,"pivot":{"x":10.3473482131958,"y":13.480470657348633,"z":268.6004638671875},"rotation":{"x":0.031561531126499179,"y":0.18185368180274964,"z":0.005834548734128475,"w":-0.9828234910964966},"size":2.891059398651123,"orthographic":false}