{"cameraMode":{"drawMode":0,"name":"Shaded","section":"Shading Mode"},"sceneLighting":true,"audioPlay":false,"sceneViewState":{"showFog":true,"showMaterialUpdate":false,"showSkybox":true,"showFlares":true,"showImageEffects":true,"showParticleSystems":true},"in2DMode":false,"pivot":{"x":5.382278919219971,"y":2.0722672939300539,"z":-5.608920097351074},"rotation":{"x":-0.06336913257837296,"y":0.35313481092453005,"z":-0.023994840681552888,"w":-0.9331347346305847},"size":1.4086806774139405,"orthographic":false}