{"cameraMode":{"drawMode":0,"name":"Shaded","section":"Shading Mode"},"sceneLighting":false,"audioPlay":false,"sceneViewState":{"showFog":true,"showMaterialUpdate":false,"showSkybox":false,"showFlares":true,"showImageEffects":true,"showParticleSystems":true},"in2DMode":false,"pivot":{"x":-17.38301658630371,"y":13.608884811401368,"z":319.9571838378906},"rotation":{"x":-0.0024931267835199835,"y":0.9958333969116211,"z":-0.028697451576590539,"w":-0.08655513823032379},"size":1.3763293027877808,"orthographic":false}