{"cameraMode":{"drawMode":0,"name":"Shaded","section":"Shading Mode"},"sceneLighting":false,"audioPlay":false,"sceneViewState":{"showFog":true,"showMaterialUpdate":false,"showSkybox":false,"showFlares":true,"showImageEffects":true,"showParticleSystems":true},"in2DMode":false,"pivot":{"x":-1.0358673334121705,"y":0.47131502628326418,"z":-3.6314198970794679},"rotation":{"x":-0.054325368255376819,"y":0.33028644323349,"z":0.019057273864746095,"w":0.9421342611312866},"size":0.7869778871536255,"orthographic":false}