{"cameraMode":{"drawMode":0,"name":"Shaded","section":"Shading Mode"},"sceneLighting":false,"audioPlay":false,"sceneViewState":{"showFog":true,"showMaterialUpdate":false,"showSkybox":false,"showFlares":true,"showImageEffects":true,"showParticleSystems":true},"in2DMode":false,"pivot":{"x":10.649174690246582,"y":15.335537910461426,"z":279.490966796875},"rotation":{"x":0.003402221715077758,"y":0.9956144690513611,"z":-0.084729865193367,"w":0.04001007601618767},"size":4.128363609313965,"orthographic":false}