{"cameraMode":{"drawMode":0,"name":"Shaded","section":"Shading Mode"},"sceneLighting":false,"audioPlay":false,"sceneViewState":{"showFog":true,"showMaterialUpdate":false,"showSkybox":false,"showFlares":true,"showImageEffects":true,"showParticleSystems":true},"in2DMode":false,"pivot":{"x":15.517129898071289,"y":9.128217697143555,"z":141.4237823486328},"rotation":{"x":0.00048810854787006974,"y":0.9995343685150147,"z":-0.023392168805003167,"w":0.020659353584051133},"size":57.741355895996097,"orthographic":false}