{"cameraMode":{"drawMode":0,"name":"Shaded","section":"Shading Mode"},"sceneLighting":false,"audioPlay":false,"sceneViewState":{"showFog":true,"showMaterialUpdate":false,"showSkybox":false,"showFlares":true,"showImageEffects":true,"showParticleSystems":true},"in2DMode":false,"pivot":{"x":7.879013538360596,"y":15.066537857055664,"z":267.4322509765625},"rotation":{"x":-0.013944767415523529,"y":0.9639120697975159,"z":-0.05152086168527603,"w":-0.2608996331691742},"size":2.891059398651123,"orthographic":false}