{"cameraMode":{"drawMode":0,"name":"Shaded","section":"Shading Mode"},"sceneLighting":false,"audioPlay":false,"sceneViewState":{"showFog":true,"showMaterialUpdate":false,"showSkybox":false,"showFlares":true,"showImageEffects":true,"showParticleSystems":true},"in2DMode":false,"pivot":{"x":133.13861083984376,"y":-48.52892303466797,"z":87.25904083251953},"rotation":{"x":0.14630602300167085,"y":0.5436427593231201,"z":-0.09690427035093308,"w":0.8207911252975464},"size":86.74637603759766,"orthographic":false}