{"cameraMode":{"drawMode":0,"name":"Shaded","section":"Shading Mode"},"sceneLighting":true,"audioPlay":false,"sceneViewState":{"showFog":true,"showMaterialUpdate":false,"showSkybox":true,"showFlares":true,"showImageEffects":true,"showParticleSystems":true},"in2DMode":false,"pivot":{"x":17.319067001342775,"y":-29.752330780029298,"z":276.6705017089844},"rotation":{"x":-0.1153881847858429,"y":-0.7693794369697571,"z":0.6112992763519287,"w":-0.14523938298225404},"size":27.64018440246582,"orthographic":false}