{"cameraMode":{"drawMode":0,"name":"Shaded","section":"Shading Mode"},"sceneLighting":false,"audioPlay":false,"sceneViewState":{"showFog":true,"showMaterialUpdate":false,"showSkybox":false,"showFlares":true,"showImageEffects":true,"showParticleSystems":true},"in2DMode":false,"pivot":{"x":9.042460441589356,"y":14.815820693969727,"z":278.3749694824219},"rotation":{"x":0.01433972455561161,"y":-0.0904219001531601,"z":0.0012960955500602723,"w":0.9958194494247437},"size":4.128363609313965,"orthographic":false}