{"cameraMode":{"drawMode":0,"name":"Shaded","section":"Shading Mode"},"sceneLighting":false,"audioPlay":false,"sceneViewState":{"showFog":true,"showMaterialUpdate":false,"showSkybox":false,"showFlares":true,"showImageEffects":true,"showParticleSystems":true},"in2DMode":false,"pivot":{"x":-3.061680555343628,"y":20.877458572387697,"z":308.2746276855469},"rotation":{"x":0.06067151576280594,"y":-0.5760762095451355,"z":0.04294200986623764,"w":0.8140240907669067},"size":0.1522422432899475,"orthographic":false}