{"cameraMode":{"drawMode":0,"name":"Shaded","section":"Shading Mode"},"sceneLighting":false,"audioPlay":false,"sceneViewState":{"showFog":true,"showMaterialUpdate":false,"showSkybox":false,"showFlares":true,"showImageEffects":true,"showParticleSystems":true},"in2DMode":false,"pivot":{"x":-8.317781448364258,"y":19.9482479095459,"z":300.1061096191406},"rotation":{"x":0.0334390290081501,"y":0.4909873902797699,"z":-0.018856916576623918,"w":0.8703340888023377},"size":0.581322431564331,"orthographic":false}