{"cameraMode":{"drawMode":0,"name":"Shaded","section":"Shading Mode"},"sceneLighting":false,"audioPlay":false,"sceneViewState":{"showFog":true,"showMaterialUpdate":false,"showSkybox":false,"showFlares":true,"showImageEffects":true,"showParticleSystems":true},"in2DMode":false,"pivot":{"x":-0.021564647555351259,"y":-0.9597474336624146,"z":-3.0935275554656984},"rotation":{"x":0.002739889081567526,"y":-0.9963980317115784,"z":0.07727367430925369,"w":0.03531433269381523},"size":1.376415491104126,"orthographic":false}