{"cameraMode":{"drawMode":0,"name":"Shaded","section":"Shading Mode"},"sceneLighting":false,"audioPlay":false,"sceneViewState":{"showFog":true,"showMaterialUpdate":false,"showSkybox":false,"showFlares":true,"showImageEffects":true,"showParticleSystems":true},"in2DMode":false,"pivot":{"x":-0.27272742986679079,"y":0.835669219493866,"z":-0.0007559359073638916},"rotation":{"x":0.06067151576280594,"y":-0.5760762095451355,"z":0.04294200986623764,"w":0.8140240907669067},"size":0.08013860136270523,"orthographic":false}