{"cameraMode":{"drawMode":0,"name":"Shaded","section":"Shading Mode"},"sceneLighting":true,"audioPlay":false,"sceneViewState":{"showFog":true,"showMaterialUpdate":false,"showSkybox":true,"showFlares":true,"showImageEffects":true,"showParticleSystems":true},"in2DMode":false,"pivot":{"x":9.214940071105957,"y":19.143388748168947,"z":259.8428955078125},"rotation":{"x":-0.10828815400600434,"y":0.24257570505142213,"z":-0.027254361659288408,"w":-0.963688313961029},"size":1.2433359622955323,"orthographic":false}