{"cameraMode":{"drawMode":0,"name":"Shaded","section":"Shading Mode"},"sceneLighting":false,"audioPlay":false,"sceneViewState":{"showFog":true,"showMaterialUpdate":false,"showSkybox":false,"showFlares":true,"showImageEffects":true,"showParticleSystems":true},"in2DMode":false,"pivot":{"x":-137.00608825683595,"y":269.2000732421875,"z":1098.807861328125},"rotation":{"x":-0.011906552128493786,"y":0.9829738140106201,"z":-0.06882116198539734,"w":-0.17008428275585175},"size":57.7413444519043,"orthographic":false}