{"cameraMode":{"drawMode":0,"name":"Shaded","section":"Shading Mode"},"sceneLighting":true,"audioPlay":false,"sceneViewState":{"showFog":true,"showMaterialUpdate":false,"showSkybox":true,"showFlares":true,"showImageEffects":true,"showParticleSystems":true},"in2DMode":false,"pivot":{"x":-207.85052490234376,"y":222.8190460205078,"z":961.260009765625},"rotation":{"x":-0.00038913439493626356,"y":0.9993941187858582,"z":-0.0119933495298028,"w":-0.032992325723171237},"size":110.11820983886719,"orthographic":false}