{"cameraMode":{"drawMode":0,"name":"Shaded","section":"Shading Mode"},"sceneLighting":false,"audioPlay":false,"sceneViewState":{"showFog":true,"showMaterialUpdate":false,"showSkybox":false,"showFlares":true,"showImageEffects":true,"showParticleSystems":true},"in2DMode":false,"pivot":{"x":-1.87404203414917,"y":19.558090209960939,"z":306.86083984375},"rotation":{"x":0.006832658778876066,"y":0.7236631512641907,"z":-0.007161963731050491,"w":0.6901023983955383},"size":0.118080735206604,"orthographic":false}