{"cameraMode":{"drawMode":0,"name":"Shaded","section":"Shading Mode"},"sceneLighting":false,"audioPlay":false,"sceneViewState":{"showFog":true,"showMaterialUpdate":false,"showSkybox":false,"showFlares":true,"showImageEffects":true,"showParticleSystems":true},"in2DMode":false,"pivot":{"x":-152.4390106201172,"y":255.637939453125,"z":1224.600341796875},"rotation":{"x":-0.0010756498668342829,"y":0.9946761727333069,"z":-0.10271371901035309,"w":-0.010779284872114659},"size":57.7413444519043,"orthographic":false}